Source;Target;Type;
1;17;Undirected;
1;32;Undirected;
1;36;Undirected;
1;56;Undirected;
1;60;Undirected;
1;100;Undirected;
1;231;Undirected;
1;321;Undirected;
1;328;Undirected;
1;380;Undirected;
1;425;Undirected;
1;449;Undirected;
1;459;Undirected;
2;36;Undirected;
2;44;Undirected;
2;131;Undirected;
2;185;Undirected;
2;186;Undirected;
2;193;Undirected;
2;273;Undirected;
2;320;Undirected;
2;330;Undirected;
2;357;Undirected;
2;368;Undirected;
2;386;Undirected;
2;459;Undirected;
3;101;Undirected;
3;129;Undirected;
3;278;Undirected;
3;354;Undirected;
3;357;Undirected;
3;367;Undirected;
4;6;Undirected;
4;17;Undirected;
4;162;Undirected;
4;222;Undirected;
4;225;Undirected;
4;280;Undirected;
4;292;Undirected;
4;337;Undirected;
4;343;Undirected;
4;344;Undirected;
4;393;Undirected;
4;395;Undirected;
4;410;Undirected;
4;422;Undirected;
4;442;Undirected;
4;450;Undirected;
4;462;Undirected;
4;473;Undirected;
5;33;Undirected;
5;58;Undirected;
5;60;Undirected;
5;110;Undirected;
5;118;Undirected;
5;121;Undirected;
5;241;Undirected;
5;263;Undirected;
5;272;Undirected;
5;285;Undirected;
5;322;Undirected;
5;359;Undirected;
5;375;Undirected;
5;411;Undirected;
5;441;Undirected;
5;477;Undirected;
5;485;Undirected;
6;19;Undirected;
6;100;Undirected;
6;144;Undirected;
6;211;Undirected;
6;217;Undirected;
6;233;Undirected;
6;301;Undirected;
6;341;Undirected;
6;357;Undirected;
7;53;Undirected;
7;59;Undirected;
7;79;Undirected;
7;209;Undirected;
7;266;Undirected;
7;397;Undirected;
7;458;Undirected;
7;496;Undirected;
8;38;Undirected;
8;83;Undirected;
8;160;Undirected;
8;206;Undirected;
8;213;Undirected;
8;230;Undirected;
8;235;Undirected;
8;265;Undirected;
8;325;Undirected;
8;339;Undirected;
8;341;Undirected;
8;351;Undirected;
8;355;Undirected;
8;478;Undirected;
9;51;Undirected;
9;57;Undirected;
9;59;Undirected;
9;83;Undirected;
9;179;Undirected;
9;191;Undirected;
9;216;Undirected;
9;388;Undirected;
9;479;Undirected;
9;494;Undirected;
9;497;Undirected;
10;38;Undirected;
10;65;Undirected;
10;94;Undirected;
10;101;Undirected;
10;145;Undirected;
10;209;Undirected;
10;324;Undirected;
10;449;Undirected;
11;88;Undirected;
11;190;Undirected;
11;218;Undirected;
11;224;Undirected;
11;265;Undirected;
11;310;Undirected;
11;325;Undirected;
11;364;Undirected;
11;395;Undirected;
11;400;Undirected;
11;450;Undirected;
11;456;Undirected;
12;17;Undirected;
12;70;Undirected;
12;71;Undirected;
12;85;Undirected;
12;114;Undirected;
12;121;Undirected;
12;143;Undirected;
12;146;Undirected;
12;215;Undirected;
12;241;Undirected;
12;280;Undirected;
12;304;Undirected;
12;353;Undirected;
12;421;Undirected;
12;440;Undirected;
12;473;Undirected;
12;490;Undirected;
13;63;Undirected;
13;64;Undirected;
13;66;Undirected;
13;83;Undirected;
13;162;Undirected;
13;196;Undirected;
13;214;Undirected;
13;223;Undirected;
13;231;Undirected;
13;242;Undirected;
13;252;Undirected;
13;278;Undirected;
13;295;Undirected;
13;300;Undirected;
13;324;Undirected;
13;326;Undirected;
13;327;Undirected;
13;448;Undirected;
13;480;Undirected;
14;83;Undirected;
14;110;Undirected;
14;147;Undirected;
14;215;Undirected;
14;270;Undirected;
14;301;Undirected;
14;334;Undirected;
14;395;Undirected;
14;401;Undirected;
14;417;Undirected;
15;101;Undirected;
15;170;Undirected;
15;176;Undirected;
15;224;Undirected;
15;336;Undirected;
15;419;Undirected;
15;428;Undirected;
15;467;Undirected;
15;482;Undirected;
16;29;Undirected;
16;55;Undirected;
16;67;Undirected;
16;82;Undirected;
16;95;Undirected;
16;117;Undirected;
16;245;Undirected;
16;271;Undirected;
16;282;Undirected;
16;361;Undirected;
16;377;Undirected;
16;378;Undirected;
16;392;Undirected;
16;433;Undirected;
16;450;Undirected;
16;454;Undirected;
16;478;Undirected;
17;84;Undirected;
17;115;Undirected;
17;189;Undirected;
17;263;Undirected;
17;281;Undirected;
17;405;Undirected;
17;499;Undirected;
18;21;Undirected;
18;30;Undirected;
18;101;Undirected;
18;107;Undirected;
18;120;Undirected;
18;125;Undirected;
18;185;Undirected;
18;237;Undirected;
18;244;Undirected;
18;282;Undirected;
18;374;Undirected;
18;428;Undirected;
19;25;Undirected;
19;77;Undirected;
19;119;Undirected;
19;269;Undirected;
19;306;Undirected;
19;313;Undirected;
19;331;Undirected;
19;365;Undirected;
19;404;Undirected;
19;406;Undirected;
19;442;Undirected;
19;447;Undirected;
20;40;Undirected;
20;86;Undirected;
20;134;Undirected;
20;200;Undirected;
20;214;Undirected;
20;217;Undirected;
20;233;Undirected;
20;267;Undirected;
20;317;Undirected;
20;325;Undirected;
20;394;Undirected;
20;474;Undirected;
21;81;Undirected;
21;136;Undirected;
21;187;Undirected;
21;194;Undirected;
21;207;Undirected;
21;250;Undirected;
21;301;Undirected;
21;318;Undirected;
21;342;Undirected;
21;387;Undirected;
21;400;Undirected;
21;408;Undirected;
21;450;Undirected;
21;495;Undirected;
22;36;Undirected;
22;114;Undirected;
22;120;Undirected;
22;145;Undirected;
22;150;Undirected;
22;151;Undirected;
22;216;Undirected;
22;222;Undirected;
22;236;Undirected;
22;285;Undirected;
22;295;Undirected;
22;301;Undirected;
22;307;Undirected;
22;447;Undirected;
22;453;Undirected;
22;493;Undirected;
23;108;Undirected;
23;185;Undirected;
23;204;Undirected;
23;234;Undirected;
23;256;Undirected;
23;290;Undirected;
23;293;Undirected;
23;309;Undirected;
23;334;Undirected;
23;342;Undirected;
23;350;Undirected;
23;425;Undirected;
23;481;Undirected;
24;51;Undirected;
24;59;Undirected;
24;112;Undirected;
24;130;Undirected;
24;139;Undirected;
24;221;Undirected;
24;265;Undirected;
24;272;Undirected;
24;278;Undirected;
25;64;Undirected;
25;107;Undirected;
25;130;Undirected;
25;203;Undirected;
25;208;Undirected;
25;210;Undirected;
25;246;Undirected;
25;268;Undirected;
25;301;Undirected;
25;326;Undirected;
25;490;Undirected;
25;499;Undirected;
26;89;Undirected;
26;117;Undirected;
26;127;Undirected;
26;152;Undirected;
26;158;Undirected;
26;163;Undirected;
26;165;Undirected;
26;196;Undirected;
26;305;Undirected;
26;397;Undirected;
26;405;Undirected;
26;435;Undirected;
26;437;Undirected;
26;475;Undirected;
27;84;Undirected;
27;93;Undirected;
27;128;Undirected;
27;140;Undirected;
27;191;Undirected;
27;202;Undirected;
27;360;Undirected;
27;365;Undirected;
27;393;Undirected;
27;422;Undirected;
27;424;Undirected;
27;433;Undirected;
27;455;Undirected;
27;458;Undirected;
27;494;Undirected;
28;73;Undirected;
28;94;Undirected;
28;143;Undirected;
28;161;Undirected;
28;209;Undirected;
28;297;Undirected;
28;310;Undirected;
28;344;Undirected;
28;365;Undirected;
28;375;Undirected;
28;414;Undirected;
28;424;Undirected;
28;437;Undirected;
28;473;Undirected;
28;491;Undirected;
29;74;Undirected;
29;110;Undirected;
29;169;Undirected;
29;176;Undirected;
29;179;Undirected;
29;181;Undirected;
29;213;Undirected;
29;252;Undirected;
29;327;Undirected;
29;338;Undirected;
29;394;Undirected;
29;424;Undirected;
29;471;Undirected;
29;490;Undirected;
29;494;Undirected;
30;80;Undirected;
30;87;Undirected;
30;89;Undirected;
30;96;Undirected;
30;166;Undirected;
30;178;Undirected;
30;217;Undirected;
30;280;Undirected;
30;290;Undirected;
30;319;Undirected;
30;481;Undirected;
31;36;Undirected;
31;71;Undirected;
31;79;Undirected;
31;156;Undirected;
31;215;Undirected;
31;227;Undirected;
31;237;Undirected;
32;40;Undirected;
32;110;Undirected;
32;149;Undirected;
32;211;Undirected;
32;226;Undirected;
32;274;Undirected;
32;415;Undirected;
33;82;Undirected;
33;90;Undirected;
33;115;Undirected;
33;183;Undirected;
33;190;Undirected;
33;389;Undirected;
33;412;Undirected;
33;458;Undirected;
34;54;Undirected;
34;96;Undirected;
34;199;Undirected;
34;221;Undirected;
34;264;Undirected;
34;277;Undirected;
34;325;Undirected;
34;339;Undirected;
34;350;Undirected;
34;351;Undirected;
34;392;Undirected;
34;466;Undirected;
35;72;Undirected;
35;80;Undirected;
35;84;Undirected;
35;139;Undirected;
35;157;Undirected;
35;192;Undirected;
35;204;Undirected;
35;206;Undirected;
35;219;Undirected;
35;256;Undirected;
35;274;Undirected;
35;320;Undirected;
35;322;Undirected;
35;325;Undirected;
35;353;Undirected;
35;371;Undirected;
35;401;Undirected;
35;418;Undirected;
35;446;Undirected;
35;485;Undirected;
36;118;Undirected;
36;195;Undirected;
36;204;Undirected;
36;214;Undirected;
36;219;Undirected;
36;332;Undirected;
36;343;Undirected;
36;390;Undirected;
36;401;Undirected;
36;410;Undirected;
36;431;Undirected;
36;446;Undirected;
36;452;Undirected;
36;481;Undirected;
37;70;Undirected;
37;106;Undirected;
37;110;Undirected;
37;166;Undirected;
37;217;Undirected;
37;280;Undirected;
37;307;Undirected;
37;330;Undirected;
37;430;Undirected;
37;498;Undirected;
37;499;Undirected;
38;89;Undirected;
38;129;Undirected;
38;180;Undirected;
38;201;Undirected;
38;204;Undirected;
38;276;Undirected;
38;321;Undirected;
38;338;Undirected;
38;357;Undirected;
38;380;Undirected;
38;388;Undirected;
38;434;Undirected;
39;67;Undirected;
39;69;Undirected;
39;149;Undirected;
39;156;Undirected;
39;176;Undirected;
39;181;Undirected;
39;193;Undirected;
39;201;Undirected;
39;254;Undirected;
39;348;Undirected;
39;384;Undirected;
39;426;Undirected;
39;476;Undirected;
40;81;Undirected;
40;129;Undirected;
40;184;Undirected;
40;199;Undirected;
40;202;Undirected;
40;229;Undirected;
40;249;Undirected;
40;332;Undirected;
40;397;Undirected;
40;428;Undirected;
40;442;Undirected;
40;455;Undirected;
40;500;Undirected;
41;69;Undirected;
41;112;Undirected;
41;240;Undirected;
41;290;Undirected;
41;336;Undirected;
41;410;Undirected;
41;424;Undirected;
41;428;Undirected;
41;446;Undirected;
41;451;Undirected;
42;72;Undirected;
42;99;Undirected;
42;141;Undirected;
42;147;Undirected;
42;171;Undirected;
42;242;Undirected;
42;249;Undirected;
42;280;Undirected;
42;289;Undirected;
42;341;Undirected;
42;355;Undirected;
42;413;Undirected;
42;420;Undirected;
43;78;Undirected;
43;187;Undirected;
43;189;Undirected;
43;230;Undirected;
43;256;Undirected;
43;279;Undirected;
43;322;Undirected;
44;75;Undirected;
44;87;Undirected;
44;228;Undirected;
44;300;Undirected;
44;302;Undirected;
44;320;Undirected;
44;389;Undirected;
44;406;Undirected;
44;415;Undirected;
44;440;Undirected;
44;478;Undirected;
45;52;Undirected;
45;71;Undirected;
45;109;Undirected;
45;118;Undirected;
45;140;Undirected;
45;149;Undirected;
45;202;Undirected;
45;223;Undirected;
45;245;Undirected;
45;280;Undirected;
45;293;Undirected;
45;351;Undirected;
45;401;Undirected;
45;478;Undirected;
45;489;Undirected;
45;494;Undirected;
46;71;Undirected;
46;84;Undirected;
46;142;Undirected;
46;233;Undirected;
46;235;Undirected;
46;260;Undirected;
46;292;Undirected;
46;305;Undirected;
46;313;Undirected;
46;330;Undirected;
46;337;Undirected;
46;357;Undirected;
46;399;Undirected;
46;435;Undirected;
46;480;Undirected;
46;487;Undirected;
47;79;Undirected;
47;81;Undirected;
47;121;Undirected;
47;213;Undirected;
47;291;Undirected;
47;324;Undirected;
47;357;Undirected;
47;368;Undirected;
47;394;Undirected;
47;406;Undirected;
47;467;Undirected;
47;500;Undirected;
48;94;Undirected;
48;120;Undirected;
48;130;Undirected;
48;160;Undirected;
48;182;Undirected;
48;224;Undirected;
48;227;Undirected;
48;282;Undirected;
48;392;Undirected;
48;403;Undirected;
48;452;Undirected;
49;147;Undirected;
49;169;Undirected;
49;178;Undirected;
49;213;Undirected;
49;226;Undirected;
49;237;Undirected;
49;250;Undirected;
49;251;Undirected;
49;331;Undirected;
49;359;Undirected;
49;425;Undirected;
50;61;Undirected;
50;92;Undirected;
50;105;Undirected;
50;154;Undirected;
50;251;Undirected;
50;259;Undirected;
50;289;Undirected;
50;328;Undirected;
50;344;Undirected;
50;393;Undirected;
50;396;Undirected;
51;59;Undirected;
51;60;Undirected;
51;164;Undirected;
51;311;Undirected;
51;370;Undirected;
51;374;Undirected;
51;429;Undirected;
51;493;Undirected;
52;95;Undirected;
52;201;Undirected;
52;326;Undirected;
52;396;Undirected;
52;414;Undirected;
52;446;Undirected;
53;65;Undirected;
53;80;Undirected;
53;130;Undirected;
53;187;Undirected;
53;222;Undirected;
53;230;Undirected;
53;381;Undirected;
53;449;Undirected;
54;57;Undirected;
54;84;Undirected;
54;85;Undirected;
54;97;Undirected;
54;105;Undirected;
54;127;Undirected;
54;156;Undirected;
54;158;Undirected;
54;166;Undirected;
54;302;Undirected;
54;470;Undirected;
54;471;Undirected;
55;76;Undirected;
55;118;Undirected;
55;313;Undirected;
55;464;Undirected;
55;496;Undirected;
56;61;Undirected;
56;67;Undirected;
56;113;Undirected;
56;127;Undirected;
56;178;Undirected;
56;262;Undirected;
56;264;Undirected;
56;313;Undirected;
56;356;Undirected;
56;369;Undirected;
56;371;Undirected;
56;404;Undirected;
56;411;Undirected;
56;433;Undirected;
56;491;Undirected;
57;147;Undirected;
57;152;Undirected;
57;246;Undirected;
57;275;Undirected;
57;311;Undirected;
57;320;Undirected;
57;389;Undirected;
57;447;Undirected;
57;475;Undirected;
58;74;Undirected;
58;139;Undirected;
58;163;Undirected;
58;233;Undirected;
58;287;Undirected;
58;405;Undirected;
58;406;Undirected;
58;421;Undirected;
58;455;Undirected;
59;84;Undirected;
59;112;Undirected;
59;115;Undirected;
59;138;Undirected;
59;162;Undirected;
59;208;Undirected;
59;235;Undirected;
59;257;Undirected;
59;260;Undirected;
59;290;Undirected;
59;434;Undirected;
60;100;Undirected;
60;179;Undirected;
60;192;Undirected;
60;201;Undirected;
60;206;Undirected;
60;214;Undirected;
60;275;Undirected;
60;323;Undirected;
60;351;Undirected;
60;367;Undirected;
60;397;Undirected;
60;417;Undirected;
60;418;Undirected;
60;438;Undirected;
60;488;Undirected;
61;97;Undirected;
61;124;Undirected;
61;196;Undirected;
61;200;Undirected;
61;223;Undirected;
61;258;Undirected;
61;269;Undirected;
61;382;Undirected;
61;401;Undirected;
61;435;Undirected;
61;498;Undirected;
62;102;Undirected;
62;164;Undirected;
62;225;Undirected;
62;239;Undirected;
62;291;Undirected;
62;316;Undirected;
62;321;Undirected;
62;358;Undirected;
62;385;Undirected;
62;455;Undirected;
62;478;Undirected;
63;71;Undirected;
63;75;Undirected;
63;215;Undirected;
63;339;Undirected;
63;348;Undirected;
63;460;Undirected;
63;481;Undirected;
63;500;Undirected;
64;107;Undirected;
64;118;Undirected;
64;134;Undirected;
64;160;Undirected;
64;169;Undirected;
64;225;Undirected;
64;268;Undirected;
64;423;Undirected;
65;154;Undirected;
65;169;Undirected;
65;182;Undirected;
65;248;Undirected;
65;258;Undirected;
65;268;Undirected;
65;291;Undirected;
65;304;Undirected;
65;320;Undirected;
65;324;Undirected;
65;343;Undirected;
65;387;Undirected;
65;394;Undirected;
65;415;Undirected;
65;473;Undirected;
66;70;Undirected;
66;85;Undirected;
66;93;Undirected;
66;132;Undirected;
66;154;Undirected;
66;170;Undirected;
66;209;Undirected;
66;246;Undirected;
66;261;Undirected;
66;359;Undirected;
66;434;Undirected;
66;464;Undirected;
67;129;Undirected;
67;136;Undirected;
67;198;Undirected;
67;200;Undirected;
67;214;Undirected;
67;238;Undirected;
67;248;Undirected;
67;263;Undirected;
67;280;Undirected;
67;322;Undirected;
67;382;Undirected;
67;385;Undirected;
67;444;Undirected;
68;96;Undirected;
68;144;Undirected;
68;154;Undirected;
68;177;Undirected;
68;199;Undirected;
68;204;Undirected;
68;247;Undirected;
68;277;Undirected;
68;300;Undirected;
68;338;Undirected;
68;344;Undirected;
68;435;Undirected;
69;81;Undirected;
69;109;Undirected;
69;113;Undirected;
69;118;Undirected;
69;123;Undirected;
69;144;Undirected;
69;250;Undirected;
69;257;Undirected;
69;284;Undirected;
69;322;Undirected;
69;355;Undirected;
69;367;Undirected;
70;94;Undirected;
70;142;Undirected;
70;191;Undirected;
70;222;Undirected;
70;246;Undirected;
70;271;Undirected;
70;312;Undirected;
70;354;Undirected;
70;387;Undirected;
70;394;Undirected;
70;483;Undirected;
71;117;Undirected;
71;189;Undirected;
71;202;Undirected;
71;248;Undirected;
71;274;Undirected;
71;282;Undirected;
71;359;Undirected;
71;497;Undirected;
72;78;Undirected;
72;177;Undirected;
72;197;Undirected;
72;290;Undirected;
72;292;Undirected;
72;348;Undirected;
72;353;Undirected;
72;479;Undirected;
73;75;Undirected;
73;108;Undirected;
73;275;Undirected;
73;322;Undirected;
73;373;Undirected;
73;374;Undirected;
73;424;Undirected;
73;483;Undirected;
74;115;Undirected;
74;138;Undirected;
74;191;Undirected;
74;202;Undirected;
74;265;Undirected;
74;330;Undirected;
74;351;Undirected;
74;484;Undirected;
74;499;Undirected;
75;92;Undirected;
75;126;Undirected;
75;129;Undirected;
75;211;Undirected;
75;388;Undirected;
75;418;Undirected;
75;425;Undirected;
75;439;Undirected;
76;98;Undirected;
76;99;Undirected;
76;156;Undirected;
76;347;Undirected;
76;383;Undirected;
76;444;Undirected;
76;479;Undirected;
76;492;Undirected;
77;104;Undirected;
77;143;Undirected;
77;151;Undirected;
77;152;Undirected;
77;190;Undirected;
77;297;Undirected;
77;306;Undirected;
77;358;Undirected;
77;385;Undirected;
77;415;Undirected;
77;425;Undirected;
77;430;Undirected;
78;174;Undirected;
78;199;Undirected;
78;243;Undirected;
78;254;Undirected;
78;271;Undirected;
78;299;Undirected;
78;309;Undirected;
78;320;Undirected;
78;331;Undirected;
78;334;Undirected;
78;381;Undirected;
78;438;Undirected;
78;491;Undirected;
79;100;Undirected;
79;119;Undirected;
79;177;Undirected;
79;219;Undirected;
79;231;Undirected;
79;235;Undirected;
79;246;Undirected;
79;288;Undirected;
79;369;Undirected;
79;379;Undirected;
79;387;Undirected;
79;390;Undirected;
79;407;Undirected;
79;420;Undirected;
80;85;Undirected;
80;128;Undirected;
80;133;Undirected;
80;136;Undirected;
80;148;Undirected;
80;206;Undirected;
80;285;Undirected;
80;480;Undirected;
81;86;Undirected;
81;127;Undirected;
81;131;Undirected;
81;180;Undirected;
81;184;Undirected;
81;223;Undirected;
81;287;Undirected;
81;320;Undirected;
81;338;Undirected;
81;344;Undirected;
81;403;Undirected;
81;407;Undirected;
81;497;Undirected;
82;105;Undirected;
82;159;Undirected;
82;263;Undirected;
82;293;Undirected;
82;366;Undirected;
82;383;Undirected;
82;429;Undirected;
82;445;Undirected;
82;482;Undirected;
82;483;Undirected;
82;485;Undirected;
82;492;Undirected;
83;94;Undirected;
83;103;Undirected;
83;117;Undirected;
83;154;Undirected;
83;157;Undirected;
83;169;Undirected;
83;283;Undirected;
83;300;Undirected;
83;328;Undirected;
83;354;Undirected;
83;373;Undirected;
83;391;Undirected;
83;425;Undirected;
83;451;Undirected;
84;98;Undirected;
84;107;Undirected;
84;120;Undirected;
84;176;Undirected;
84;219;Undirected;
84;232;Undirected;
84;316;Undirected;
84;400;Undirected;
84;422;Undirected;
84;432;Undirected;
85;140;Undirected;
85;174;Undirected;
85;182;Undirected;
85;240;Undirected;
85;244;Undirected;
85;274;Undirected;
85;278;Undirected;
85;294;Undirected;
85;313;Undirected;
85;345;Undirected;
85;373;Undirected;
85;479;Undirected;
85;497;Undirected;
86;123;Undirected;
86;171;Undirected;
86;249;Undirected;
86;329;Undirected;
86;331;Undirected;
86;366;Undirected;
86;405;Undirected;
86;430;Undirected;
86;477;Undirected;
87;98;Undirected;
87;176;Undirected;
87;187;Undirected;
87;193;Undirected;
87;207;Undirected;
87;215;Undirected;
87;218;Undirected;
87;220;Undirected;
87;238;Undirected;
87;318;Undirected;
87;320;Undirected;
87;425;Undirected;
87;481;Undirected;
88;151;Undirected;
88;179;Undirected;
88;180;Undirected;
88;225;Undirected;
88;244;Undirected;
88;284;Undirected;
88;291;Undirected;
88;312;Undirected;
88;325;Undirected;
88;412;Undirected;
88;470;Undirected;
88;489;Undirected;
89;143;Undirected;
89;160;Undirected;
89;208;Undirected;
89;254;Undirected;
89;266;Undirected;
89;294;Undirected;
89;362;Undirected;
89;387;Undirected;
89;406;Undirected;
89;500;Undirected;
90;138;Undirected;
90;150;Undirected;
90;196;Undirected;
90;316;Undirected;
90;364;Undirected;
90;393;Undirected;
90;465;Undirected;
90;495;Undirected;
91;114;Undirected;
91;124;Undirected;
91;138;Undirected;
91;145;Undirected;
91;201;Undirected;
91;291;Undirected;
91;303;Undirected;
91;338;Undirected;
91;340;Undirected;
91;353;Undirected;
91;411;Undirected;
91;422;Undirected;
91;428;Undirected;
91;461;Undirected;
91;500;Undirected;
92;158;Undirected;
92;160;Undirected;
92;176;Undirected;
92;215;Undirected;
92;253;Undirected;
92;394;Undirected;
93;228;Undirected;
93;265;Undirected;
93;359;Undirected;
93;387;Undirected;
93;409;Undirected;
93;416;Undirected;
93;463;Undirected;
93;485;Undirected;
94;121;Undirected;
94;137;Undirected;
94;203;Undirected;
94;260;Undirected;
94;278;Undirected;
94;291;Undirected;
94;337;Undirected;
94;341;Undirected;
94;354;Undirected;
95;132;Undirected;
95;147;Undirected;
95;185;Undirected;
95;240;Undirected;
95;334;Undirected;
95;336;Undirected;
95;383;Undirected;
95;433;Undirected;
95;444;Undirected;
95;452;Undirected;
95;481;Undirected;
95;495;Undirected;
96;112;Undirected;
96;202;Undirected;
96;224;Undirected;
96;239;Undirected;
96;287;Undirected;
96;413;Undirected;
97;100;Undirected;
97;123;Undirected;
97;149;Undirected;
97;163;Undirected;
97;182;Undirected;
97;233;Undirected;
97;267;Undirected;
97;271;Undirected;
97;280;Undirected;
97;321;Undirected;
97;333;Undirected;
97;427;Undirected;
97;462;Undirected;
97;463;Undirected;
98;179;Undirected;
98;182;Undirected;
98;184;Undirected;
98;224;Undirected;
98;328;Undirected;
98;368;Undirected;
98;385;Undirected;
98;394;Undirected;
98;483;Undirected;
99;104;Undirected;
99;134;Undirected;
99;195;Undirected;
99;264;Undirected;
99;283;Undirected;
99;287;Undirected;
99;321;Undirected;
99;396;Undirected;
99;403;Undirected;
99;411;Undirected;
99;421;Undirected;
99;454;Undirected;
99;489;Undirected;
100;123;Undirected;
100;237;Undirected;
100;249;Undirected;
100;289;Undirected;
100;335;Undirected;
100;347;Undirected;
100;350;Undirected;
100;468;Undirected;
101;153;Undirected;
101;184;Undirected;
101;228;Undirected;
101;237;Undirected;
101;247;Undirected;
101;310;Undirected;
101;313;Undirected;
101;322;Undirected;
101;377;Undirected;
101;380;Undirected;
101;417;Undirected;
101;418;Undirected;
101;476;Undirected;
101;488;Undirected;
101;492;Undirected;
102;119;Undirected;
102;133;Undirected;
102;154;Undirected;
102;181;Undirected;
102;246;Undirected;
102;264;Undirected;
102;333;Undirected;
102;355;Undirected;
102;380;Undirected;
102;405;Undirected;
102;455;Undirected;
102;475;Undirected;
103;126;Undirected;
103;162;Undirected;
103;236;Undirected;
103;241;Undirected;
103;480;Undirected;
104;129;Undirected;
104;138;Undirected;
104;206;Undirected;
104;211;Undirected;
104;329;Undirected;
104;330;Undirected;
104;340;Undirected;
104;350;Undirected;
104;391;Undirected;
104;423;Undirected;
104;437;Undirected;
104;453;Undirected;
105;153;Undirected;
105;200;Undirected;
105;375;Undirected;
105;378;Undirected;
105;418;Undirected;
105;424;Undirected;
105;431;Undirected;
105;475;Undirected;
106;116;Undirected;
106;159;Undirected;
106;220;Undirected;
106;243;Undirected;
106;258;Undirected;
106;281;Undirected;
106;316;Undirected;
106;400;Undirected;
106;428;Undirected;
106;452;Undirected;
106;478;Undirected;
107;146;Undirected;
107;227;Undirected;
107;236;Undirected;
107;328;Undirected;
107;393;Undirected;
108;204;Undirected;
108;264;Undirected;
108;341;Undirected;
108;357;Undirected;
108;431;Undirected;
108;500;Undirected;
109;211;Undirected;
109;305;Undirected;
109;417;Undirected;
109;449;Undirected;
109;468;Undirected;
110;147;Undirected;
110;169;Undirected;
110;290;Undirected;
110;311;Undirected;
110;391;Undirected;
110;410;Undirected;
110;415;Undirected;
110;416;Undirected;
110;436;Undirected;
110;441;Undirected;
110;458;Undirected;
110;494;Undirected;
111;116;Undirected;
111;122;Undirected;
111;206;Undirected;
111;257;Undirected;
111;277;Undirected;
111;329;Undirected;
111;397;Undirected;
111;460;Undirected;
111;468;Undirected;
111;485;Undirected;
112;130;Undirected;
112;181;Undirected;
112;275;Undirected;
112;335;Undirected;
112;398;Undirected;
112;403;Undirected;
112;445;Undirected;
112;446;Undirected;
112;447;Undirected;
112;464;Undirected;
113;161;Undirected;
113;181;Undirected;
113;195;Undirected;
113;201;Undirected;
113;263;Undirected;
113;398;Undirected;
113;416;Undirected;
113;485;Undirected;
113;500;Undirected;
114;165;Undirected;
114;176;Undirected;
114;203;Undirected;
114;303;Undirected;
114;330;Undirected;
114;395;Undirected;
114;409;Undirected;
114;417;Undirected;
114;434;Undirected;
114;456;Undirected;
114;500;Undirected;
115;172;Undirected;
115;195;Undirected;
115;216;Undirected;
115;219;Undirected;
115;252;Undirected;
115;292;Undirected;
115;314;Undirected;
115;316;Undirected;
115;322;Undirected;
115;333;Undirected;
115;335;Undirected;
115;405;Undirected;
115;419;Undirected;
115;437;Undirected;
115;461;Undirected;
115;475;Undirected;
115;489;Undirected;
116;142;Undirected;
116;186;Undirected;
116;189;Undirected;
116;265;Undirected;
116;343;Undirected;
116;350;Undirected;
116;483;Undirected;
117;136;Undirected;
117;150;Undirected;
117;185;Undirected;
117;250;Undirected;
117;323;Undirected;
118;134;Undirected;
118;224;Undirected;
118;249;Undirected;
118;321;Undirected;
118;382;Undirected;
118;403;Undirected;
118;448;Undirected;
118;473;Undirected;
118;484;Undirected;
119;128;Undirected;
119;298;Undirected;
119;333;Undirected;
119;448;Undirected;
119;471;Undirected;
119;474;Undirected;
120;123;Undirected;
120;140;Undirected;
120;162;Undirected;
120;207;Undirected;
120;213;Undirected;
120;343;Undirected;
120;400;Undirected;
120;401;Undirected;
120;431;Undirected;
120;436;Undirected;
120;487;Undirected;
121;134;Undirected;
121;136;Undirected;
121;162;Undirected;
121;198;Undirected;
121;241;Undirected;
121;311;Undirected;
121;317;Undirected;
121;341;Undirected;
121;367;Undirected;
121;382;Undirected;
121;403;Undirected;
121;452;Undirected;
122;211;Undirected;
122;229;Undirected;
122;242;Undirected;
122;284;Undirected;
122;320;Undirected;
122;355;Undirected;
122;477;Undirected;
122;493;Undirected;
123;169;Undirected;
123;234;Undirected;
123;299;Undirected;
123;316;Undirected;
123;424;Undirected;
123;433;Undirected;
123;447;Undirected;
123;454;Undirected;
123;457;Undirected;
124;154;Undirected;
124;164;Undirected;
124;184;Undirected;
124;202;Undirected;
124;245;Undirected;
124;246;Undirected;
124;264;Undirected;
124;344;Undirected;
124;363;Undirected;
124;365;Undirected;
124;397;Undirected;
124;399;Undirected;
124;429;Undirected;
124;480;Undirected;
125;143;Undirected;
125;190;Undirected;
125;416;Undirected;
125;442;Undirected;
125;475;Undirected;
125;486;Undirected;
126;203;Undirected;
126;248;Undirected;
126;276;Undirected;
126;302;Undirected;
126;327;Undirected;
126;356;Undirected;
126;358;Undirected;
126;427;Undirected;
126;431;Undirected;
127;135;Undirected;
127;173;Undirected;
127;187;Undirected;
127;194;Undirected;
127;244;Undirected;
127;269;Undirected;
127;279;Undirected;
127;284;Undirected;
127;319;Undirected;
127;325;Undirected;
127;338;Undirected;
127;369;Undirected;
127;395;Undirected;
127;410;Undirected;
127;439;Undirected;
127;454;Undirected;
127;486;Undirected;
128;142;Undirected;
128;153;Undirected;
128;170;Undirected;
128;224;Undirected;
128;279;Undirected;
128;296;Undirected;
128;297;Undirected;
128;307;Undirected;
128;347;Undirected;
128;383;Undirected;
128;396;Undirected;
128;407;Undirected;
128;423;Undirected;
128;486;Undirected;
128;492;Undirected;
129;169;Undirected;
129;173;Undirected;
129;184;Undirected;
129;247;Undirected;
129;254;Undirected;
129;271;Undirected;
129;308;Undirected;
129;322;Undirected;
129;346;Undirected;
129;360;Undirected;
129;371;Undirected;
129;396;Undirected;
129;454;Undirected;
129;456;Undirected;
129;461;Undirected;
129;488;Undirected;
130;147;Undirected;
130;200;Undirected;
130;289;Undirected;
130;420;Undirected;
131;144;Undirected;
131;149;Undirected;
131;155;Undirected;
131;174;Undirected;
131;179;Undirected;
131;228;Undirected;
131;259;Undirected;
131;263;Undirected;
131;270;Undirected;
131;327;Undirected;
131;338;Undirected;
131;356;Undirected;
131;372;Undirected;
131;438;Undirected;
132;151;Undirected;
132;205;Undirected;
132;287;Undirected;
132;329;Undirected;
132;340;Undirected;
132;443;Undirected;
132;446;Undirected;
132;456;Undirected;
132;470;Undirected;
132;474;Undirected;
133;165;Undirected;
133;223;Undirected;
133;263;Undirected;
133;279;Undirected;
133;328;Undirected;
133;332;Undirected;
133;337;Undirected;
133;363;Undirected;
133;383;Undirected;
133;430;Undirected;
133;448;Undirected;
134;135;Undirected;
134;143;Undirected;
134;175;Undirected;
134;181;Undirected;
134;193;Undirected;
134;227;Undirected;
134;316;Undirected;
134;323;Undirected;
134;418;Undirected;
134;439;Undirected;
135;144;Undirected;
135;188;Undirected;
135;207;Undirected;
135;214;Undirected;
135;227;Undirected;
135;271;Undirected;
135;368;Undirected;
135;382;Undirected;
135;393;Undirected;
135;415;Undirected;
135;434;Undirected;
136;157;Undirected;
136;189;Undirected;
136;307;Undirected;
136;325;Undirected;
136;383;Undirected;
136;385;Undirected;
136;425;Undirected;
136;439;Undirected;
136;453;Undirected;
137;164;Undirected;
137;189;Undirected;
137;213;Undirected;
137;230;Undirected;
137;241;Undirected;
137;271;Undirected;
137;283;Undirected;
137;358;Undirected;
137;361;Undirected;
137;411;Undirected;
137;412;Undirected;
137;475;Undirected;
138;153;Undirected;
138;154;Undirected;
138;202;Undirected;
138;224;Undirected;
138;282;Undirected;
138;288;Undirected;
138;353;Undirected;
138;412;Undirected;
138;429;Undirected;
138;461;Undirected;
138;485;Undirected;
139;156;Undirected;
139;190;Undirected;
139;195;Undirected;
139;208;Undirected;
139;217;Undirected;
139;238;Undirected;
139;342;Undirected;
139;345;Undirected;
139;348;Undirected;
139;380;Undirected;
139;402;Undirected;
139;432;Undirected;
139;463;Undirected;
139;468;Undirected;
140;248;Undirected;
140;275;Undirected;
140;358;Undirected;
140;360;Undirected;
140;371;Undirected;
140;403;Undirected;
140;460;Undirected;
141;167;Undirected;
141;208;Undirected;
141;209;Undirected;
141;213;Undirected;
141;221;Undirected;
141;261;Undirected;
141;348;Undirected;
141;390;Undirected;
141;465;Undirected;
141;476;Undirected;
142;222;Undirected;
142;272;Undirected;
142;295;Undirected;
142;312;Undirected;
142;368;Undirected;
142;385;Undirected;
142;386;Undirected;
142;427;Undirected;
142;493;Undirected;
143;169;Undirected;
143;254;Undirected;
143;349;Undirected;
143;352;Undirected;
143;358;Undirected;
143;361;Undirected;
143;370;Undirected;
143;445;Undirected;
143;468;Undirected;
143;500;Undirected;
144;167;Undirected;
144;186;Undirected;
144;319;Undirected;
144;352;Undirected;
144;396;Undirected;
144;428;Undirected;
144;436;Undirected;
144;474;Undirected;
145;147;Undirected;
145;163;Undirected;
145;252;Undirected;
145;269;Undirected;
145;323;Undirected;
145;332;Undirected;
145;385;Undirected;
146;216;Undirected;
146;226;Undirected;
146;320;Undirected;
146;371;Undirected;
146;376;Undirected;
146;380;Undirected;
146;389;Undirected;
146;455;Undirected;
147;241;Undirected;
147;245;Undirected;
147;298;Undirected;
147;333;Undirected;
147;358;Undirected;
147;442;Undirected;
147;446;Undirected;
147;471;Undirected;
147;483;Undirected;
148;158;Undirected;
148;207;Undirected;
148;310;Undirected;
148;359;Undirected;
148;363;Undirected;
148;379;Undirected;
148;405;Undirected;
148;499;Undirected;
149;156;Undirected;
149;203;Undirected;
149;233;Undirected;
149;292;Undirected;
149;302;Undirected;
149;318;Undirected;
149;367;Undirected;
149;383;Undirected;
149;393;Undirected;
149;401;Undirected;
149;403;Undirected;
149;437;Undirected;
150;270;Undirected;
150;292;Undirected;
151;176;Undirected;
151;228;Undirected;
151;358;Undirected;
151;402;Undirected;
151;406;Undirected;
151;483;Undirected;
151;485;Undirected;
152;168;Undirected;
152;215;Undirected;
152;223;Undirected;
152;268;Undirected;
152;279;Undirected;
152;441;Undirected;
152;462;Undirected;
152;493;Undirected;
153;156;Undirected;
153;175;Undirected;
153;186;Undirected;
153;266;Undirected;
153;270;Undirected;
153;292;Undirected;
153;310;Undirected;
153;353;Undirected;
153;371;Undirected;
153;377;Undirected;
153;390;Undirected;
153;432;Undirected;
153;462;Undirected;
153;471;Undirected;
154;188;Undirected;
154;206;Undirected;
154;216;Undirected;
154;222;Undirected;
154;291;Undirected;
154;297;Undirected;
154;311;Undirected;
154;322;Undirected;
154;378;Undirected;
154;392;Undirected;
154;489;Undirected;
155;166;Undirected;
155;185;Undirected;
155;202;Undirected;
155;209;Undirected;
155;241;Undirected;
155;248;Undirected;
155;258;Undirected;
155;360;Undirected;
155;374;Undirected;
155;391;Undirected;
156;181;Undirected;
156;184;Undirected;
156;206;Undirected;
156;208;Undirected;
156;214;Undirected;
156;230;Undirected;
156;257;Undirected;
156;261;Undirected;
156;274;Undirected;
156;283;Undirected;
156;294;Undirected;
156;352;Undirected;
156;378;Undirected;
156;427;Undirected;
156;476;Undirected;
156;491;Undirected;
156;492;Undirected;
157;214;Undirected;
157;241;Undirected;
157;310;Undirected;
157;377;Undirected;
157;407;Undirected;
157;425;Undirected;
157;433;Undirected;
157;435;Undirected;
157;471;Undirected;
158;171;Undirected;
158;203;Undirected;
158;226;Undirected;
158;333;Undirected;
158;337;Undirected;
158;338;Undirected;
158;343;Undirected;
158;349;Undirected;
158;423;Undirected;
158;474;Undirected;
158;493;Undirected;
159;259;Undirected;
159;279;Undirected;
159;318;Undirected;
159;374;Undirected;
159;378;Undirected;
159;413;Undirected;
159;420;Undirected;
159;440;Undirected;
159;441;Undirected;
159;443;Undirected;
159;483;Undirected;
160;182;Undirected;
160;214;Undirected;
160;215;Undirected;
160;223;Undirected;
160;264;Undirected;
160;286;Undirected;
160;378;Undirected;
160;393;Undirected;
160;416;Undirected;
160;423;Undirected;
160;492;Undirected;
160;493;Undirected;
161;190;Undirected;
161;218;Undirected;
161;226;Undirected;
161;247;Undirected;
161;254;Undirected;
161;286;Undirected;
161;336;Undirected;
161;395;Undirected;
161;409;Undirected;
161;455;Undirected;
161;460;Undirected;
162;206;Undirected;
162;270;Undirected;
162;297;Undirected;
162;357;Undirected;
162;362;Undirected;
162;374;Undirected;
162;447;Undirected;
162;475;Undirected;
163;167;Undirected;
163;192;Undirected;
163;232;Undirected;
163;344;Undirected;
163;416;Undirected;
163;483;Undirected;
163;484;Undirected;
164;202;Undirected;
164;230;Undirected;
164;255;Undirected;
164;261;Undirected;
164;280;Undirected;
164;355;Undirected;
164;362;Undirected;
164;422;Undirected;
164;478;Undirected;
164;487;Undirected;
165;221;Undirected;
165;249;Undirected;
165;299;Undirected;
165;329;Undirected;
165;335;Undirected;
165;370;Undirected;
165;380;Undirected;
165;403;Undirected;
165;418;Undirected;
165;422;Undirected;
165;441;Undirected;
165;496;Undirected;
166;189;Undirected;
166;215;Undirected;
166;216;Undirected;
166;238;Undirected;
166;243;Undirected;
166;280;Undirected;
166;331;Undirected;
166;345;Undirected;
166;391;Undirected;
166;410;Undirected;
166;474;Undirected;
166;497;Undirected;
167;234;Undirected;
167;276;Undirected;
167;310;Undirected;
167;315;Undirected;
167;343;Undirected;
167;374;Undirected;
167;376;Undirected;
167;484;Undirected;
168;407;Undirected;
168;423;Undirected;
168;432;Undirected;
169;182;Undirected;
169;199;Undirected;
169;333;Undirected;
169;386;Undirected;
169;415;Undirected;
169;451;Undirected;
169;480;Undirected;
169;490;Undirected;
170;301;Undirected;
170;302;Undirected;
170;314;Undirected;
170;317;Undirected;
170;330;Undirected;
170;389;Undirected;
170;393;Undirected;
170;413;Undirected;
170;419;Undirected;
170;454;Undirected;
170;457;Undirected;
170;470;Undirected;
170;478;Undirected;
170;487;Undirected;
171;178;Undirected;
171;266;Undirected;
171;275;Undirected;
171;301;Undirected;
171;379;Undirected;
171;384;Undirected;
171;449;Undirected;
171;454;Undirected;
172;244;Undirected;
172;250;Undirected;
172;284;Undirected;
172;385;Undirected;
172;442;Undirected;
172;478;Undirected;
173;194;Undirected;
173;216;Undirected;
173;275;Undirected;
173;284;Undirected;
173;300;Undirected;
173;311;Undirected;
173;334;Undirected;
173;347;Undirected;
173;349;Undirected;
173;397;Undirected;
173;446;Undirected;
173;496;Undirected;
174;216;Undirected;
174;320;Undirected;
174;489;Undirected;
175;207;Undirected;
175;252;Undirected;
175;285;Undirected;
175;296;Undirected;
175;305;Undirected;
175;360;Undirected;
175;371;Undirected;
175;456;Undirected;
175;476;Undirected;
175;482;Undirected;
176;178;Undirected;
176;292;Undirected;
176;325;Undirected;
176;350;Undirected;
176;372;Undirected;
176;434;Undirected;
176;456;Undirected;
177;211;Undirected;
177;237;Undirected;
177;260;Undirected;
177;272;Undirected;
177;276;Undirected;
177;315;Undirected;
177;318;Undirected;
177;396;Undirected;
177;440;Undirected;
177;491;Undirected;
178;269;Undirected;
178;283;Undirected;
178;289;Undirected;
178;374;Undirected;
178;388;Undirected;
178;442;Undirected;
178;447;Undirected;
179;189;Undirected;
179;270;Undirected;
179;325;Undirected;
179;388;Undirected;
179;496;Undirected;
179;498;Undirected;
180;201;Undirected;
180;205;Undirected;
180;250;Undirected;
180;251;Undirected;
180;262;Undirected;
180;269;Undirected;
180;322;Undirected;
180;326;Undirected;
180;328;Undirected;
180;388;Undirected;
180;461;Undirected;
180;479;Undirected;
181;241;Undirected;
181;345;Undirected;
181;435;Undirected;
181;475;Undirected;
181;497;Undirected;
182;247;Undirected;
182;257;Undirected;
182;264;Undirected;
182;289;Undirected;
182;306;Undirected;
182;364;Undirected;
182;369;Undirected;
182;370;Undirected;
182;397;Undirected;
182;404;Undirected;
182;446;Undirected;
183;206;Undirected;
183;214;Undirected;
183;234;Undirected;
183;334;Undirected;
183;392;Undirected;
183;467;Undirected;
183;488;Undirected;
184;204;Undirected;
184;205;Undirected;
184;227;Undirected;
184;242;Undirected;
184;249;Undirected;
184;270;Undirected;
184;326;Undirected;
184;382;Undirected;
184;417;Undirected;
184;447;Undirected;
184;467;Undirected;
184;472;Undirected;
185;225;Undirected;
185;232;Undirected;
185;255;Undirected;
185;306;Undirected;
185;339;Undirected;
185;365;Undirected;
185;392;Undirected;
185;411;Undirected;
185;435;Undirected;
185;470;Undirected;
186;229;Undirected;
186;349;Undirected;
186;372;Undirected;
186;393;Undirected;
187;310;Undirected;
187;339;Undirected;
187;356;Undirected;
187;359;Undirected;
187;374;Undirected;
187;400;Undirected;
187;463;Undirected;
187;483;Undirected;
188;286;Undirected;
188;306;Undirected;
188;309;Undirected;
188;310;Undirected;
188;333;Undirected;
188;339;Undirected;
188;364;Undirected;
188;437;Undirected;
189;194;Undirected;
189;195;Undirected;
189;261;Undirected;
189;274;Undirected;
189;281;Undirected;
189;396;Undirected;
189;397;Undirected;
189;404;Undirected;
189;418;Undirected;
189;477;Undirected;
189;482;Undirected;
190;231;Undirected;
190;242;Undirected;
190;256;Undirected;
190;260;Undirected;
190;267;Undirected;
190;311;Undirected;
190;331;Undirected;
190;353;Undirected;
190;380;Undirected;
190;408;Undirected;
190;413;Undirected;
190;460;Undirected;
190;461;Undirected;
191;195;Undirected;
191;257;Undirected;
191;350;Undirected;
191;359;Undirected;
191;366;Undirected;
191;406;Undirected;
191;428;Undirected;
191;454;Undirected;
192;204;Undirected;
192;216;Undirected;
192;221;Undirected;
192;225;Undirected;
192;294;Undirected;
192;342;Undirected;
192;452;Undirected;
192;472;Undirected;
192;478;Undirected;
193;226;Undirected;
193;233;Undirected;
193;348;Undirected;
193;349;Undirected;
193;359;Undirected;
193;410;Undirected;
193;463;Undirected;
193;467;Undirected;
193;491;Undirected;
194;283;Undirected;
194;312;Undirected;
194;326;Undirected;
194;399;Undirected;
194;495;Undirected;
195;403;Undirected;
196;337;Undirected;
196;405;Undirected;
196;488;Undirected;
197;264;Undirected;
197;274;Undirected;
197;277;Undirected;
197;281;Undirected;
197;360;Undirected;
197;387;Undirected;
197;409;Undirected;
197;423;Undirected;
197;455;Undirected;
197;459;Undirected;
197;481;Undirected;
197;484;Undirected;
198;234;Undirected;
198;297;Undirected;
198;303;Undirected;
198;340;Undirected;
198;393;Undirected;
198;407;Undirected;
198;411;Undirected;
198;458;Undirected;
198;478;Undirected;
199;238;Undirected;
199;300;Undirected;
199;318;Undirected;
199;369;Undirected;
199;420;Undirected;
199;423;Undirected;
199;465;Undirected;
200;321;Undirected;
200;326;Undirected;
200;351;Undirected;
200;354;Undirected;
200;422;Undirected;
200;447;Undirected;
200;467;Undirected;
201;250;Undirected;
201;368;Undirected;
201;374;Undirected;
201;400;Undirected;
201;433;Undirected;
201;449;Undirected;
202;262;Undirected;
202;365;Undirected;
202;415;Undirected;
202;437;Undirected;
202;472;Undirected;
202;499;Undirected;
203;265;Undirected;
203;270;Undirected;
203;292;Undirected;
203;328;Undirected;
203;358;Undirected;
203;365;Undirected;
203;371;Undirected;
203;375;Undirected;
204;207;Undirected;
204;245;Undirected;
204;278;Undirected;
204;313;Undirected;
204;320;Undirected;
204;328;Undirected;
204;355;Undirected;
204;383;Undirected;
204;389;Undirected;
204;446;Undirected;
204;460;Undirected;
204;479;Undirected;
204;480;Undirected;
205;236;Undirected;
205;245;Undirected;
205;374;Undirected;
205;404;Undirected;
205;441;Undirected;
206;291;Undirected;
206;314;Undirected;
206;389;Undirected;
206;417;Undirected;
206;455;Undirected;
206;475;Undirected;
207;242;Undirected;
207;244;Undirected;
207;331;Undirected;
207;349;Undirected;
207;364;Undirected;
207;404;Undirected;
207;441;Undirected;
207;452;Undirected;
207;496;Undirected;
207;500;Undirected;
208;230;Undirected;
208;269;Undirected;
208;332;Undirected;
208;348;Undirected;
208;482;Undirected;
208;491;Undirected;
208;493;Undirected;
209;221;Undirected;
209;224;Undirected;
209;231;Undirected;
209;234;Undirected;
209;260;Undirected;
209;310;Undirected;
209;373;Undirected;
209;466;Undirected;
209;489;Undirected;
210;261;Undirected;
210;285;Undirected;
210;322;Undirected;
210;341;Undirected;
210;342;Undirected;
210;354;Undirected;
210;358;Undirected;
210;388;Undirected;
210;390;Undirected;
210;419;Undirected;
210;425;Undirected;
211;230;Undirected;
211;278;Undirected;
211;285;Undirected;
211;314;Undirected;
211;360;Undirected;
211;389;Undirected;
211;408;Undirected;
211;415;Undirected;
211;439;Undirected;
211;498;Undirected;
212;217;Undirected;
212;353;Undirected;
212;410;Undirected;
212;454;Undirected;
212;471;Undirected;
213;293;Undirected;
213;399;Undirected;
213;461;Undirected;
214;272;Undirected;
214;324;Undirected;
214;334;Undirected;
214;338;Undirected;
214;358;Undirected;
214;382;Undirected;
214;391;Undirected;
214;392;Undirected;
214;430;Undirected;
214;433;Undirected;
215;367;Undirected;
215;404;Undirected;
215;465;Undirected;
215;468;Undirected;
215;494;Undirected;
216;242;Undirected;
216;259;Undirected;
216;278;Undirected;
216;318;Undirected;
216;359;Undirected;
216;360;Undirected;
216;377;Undirected;
216;463;Undirected;
216;500;Undirected;
217;316;Undirected;
217;320;Undirected;
217;330;Undirected;
217;334;Undirected;
217;343;Undirected;
217;374;Undirected;
217;381;Undirected;
217;406;Undirected;
217;449;Undirected;
217;456;Undirected;
218;235;Undirected;
218;260;Undirected;
218;262;Undirected;
218;268;Undirected;
218;289;Undirected;
218;360;Undirected;
218;368;Undirected;
218;445;Undirected;
219;247;Undirected;
219;305;Undirected;
219;320;Undirected;
219;332;Undirected;
219;358;Undirected;
219;361;Undirected;
219;404;Undirected;
219;421;Undirected;
219;471;Undirected;
220;278;Undirected;
220;284;Undirected;
220;309;Undirected;
220;428;Undirected;
220;441;Undirected;
220;456;Undirected;
220;479;Undirected;
221;227;Undirected;
221;239;Undirected;
221;248;Undirected;
221;393;Undirected;
221;410;Undirected;
221;434;Undirected;
221;451;Undirected;
221;455;Undirected;
221;483;Undirected;
222;251;Undirected;
222;354;Undirected;
222;366;Undirected;
222;412;Undirected;
222;422;Undirected;
222;454;Undirected;
223;297;Undirected;
223;298;Undirected;
223;326;Undirected;
223;328;Undirected;
223;351;Undirected;
223;378;Undirected;
223;389;Undirected;
223;395;Undirected;
223;404;Undirected;
223;406;Undirected;
223;447;Undirected;
224;232;Undirected;
224;258;Undirected;
224;425;Undirected;
224;433;Undirected;
224;456;Undirected;
224;478;Undirected;
224;484;Undirected;
225;247;Undirected;
225;401;Undirected;
226;229;Undirected;
226;286;Undirected;
226;290;Undirected;
226;329;Undirected;
226;331;Undirected;
226;406;Undirected;
227;231;Undirected;
227;251;Undirected;
227;265;Undirected;
227;286;Undirected;
227;292;Undirected;
227;372;Undirected;
227;382;Undirected;
227;427;Undirected;
227;458;Undirected;
227;459;Undirected;
227;464;Undirected;
227;499;Undirected;
228;230;Undirected;
228;242;Undirected;
228;292;Undirected;
228;353;Undirected;
228;363;Undirected;
229;236;Undirected;
229;238;Undirected;
229;332;Undirected;
229;349;Undirected;
229;364;Undirected;
229;408;Undirected;
229;427;Undirected;
229;434;Undirected;
229;439;Undirected;
229;449;Undirected;
229;483;Undirected;
229;486;Undirected;
230;233;Undirected;
230;235;Undirected;
230;300;Undirected;
230;396;Undirected;
230;466;Undirected;
230;473;Undirected;
230;479;Undirected;
230;485;Undirected;
230;499;Undirected;
231;236;Undirected;
231;239;Undirected;
231;266;Undirected;
231;286;Undirected;
231;347;Undirected;
231;395;Undirected;
231;406;Undirected;
231;440;Undirected;
231;451;Undirected;
232;240;Undirected;
232;244;Undirected;
232;264;Undirected;
232;265;Undirected;
232;427;Undirected;
232;442;Undirected;
233;321;Undirected;
233;379;Undirected;
233;382;Undirected;
233;419;Undirected;
233;455;Undirected;
233;481;Undirected;
233;497;Undirected;
234;240;Undirected;
234;249;Undirected;
234;250;Undirected;
234;333;Undirected;
234;477;Undirected;
235;252;Undirected;
235;310;Undirected;
235;319;Undirected;
235;434;Undirected;
235;436;Undirected;
236;395;Undirected;
237;249;Undirected;
237;257;Undirected;
237;322;Undirected;
237;353;Undirected;
237;420;Undirected;
237;476;Undirected;
238;240;Undirected;
238;253;Undirected;
238;257;Undirected;
238;316;Undirected;
238;356;Undirected;
238;377;Undirected;
238;461;Undirected;
238;470;Undirected;
238;471;Undirected;
239;257;Undirected;
239;340;Undirected;
239;341;Undirected;
239;357;Undirected;
239;378;Undirected;
239;391;Undirected;
239;421;Undirected;
239;422;Undirected;
240;314;Undirected;
240;371;Undirected;
240;442;Undirected;
240;449;Undirected;
241;311;Undirected;
241;338;Undirected;
241;357;Undirected;
241;374;Undirected;
241;383;Undirected;
241;404;Undirected;
241;440;Undirected;
242;286;Undirected;
242;397;Undirected;
242;419;Undirected;
242;436;Undirected;
242;452;Undirected;
242;484;Undirected;
243;248;Undirected;
243;253;Undirected;
243;329;Undirected;
243;448;Undirected;
244;281;Undirected;
244;298;Undirected;
244;330;Undirected;
244;429;Undirected;
244;466;Undirected;
244;470;Undirected;
244;471;Undirected;
245;264;Undirected;
245;265;Undirected;
245;281;Undirected;
246;254;Undirected;
246;298;Undirected;
246;313;Undirected;
246;392;Undirected;
246;394;Undirected;
246;433;Undirected;
246;443;Undirected;
247;248;Undirected;
247;251;Undirected;
247;342;Undirected;
247;458;Undirected;
248;258;Undirected;
248;293;Undirected;
248;497;Undirected;
249;253;Undirected;
249;279;Undirected;
249;374;Undirected;
250;261;Undirected;
250;267;Undirected;
250;272;Undirected;
250;282;Undirected;
250;372;Undirected;
250;414;Undirected;
251;256;Undirected;
251;301;Undirected;
251;319;Undirected;
251;375;Undirected;
251;433;Undirected;
251;436;Undirected;
251;446;Undirected;
251;491;Undirected;
252;271;Undirected;
252;327;Undirected;
252;355;Undirected;
252;391;Undirected;
252;400;Undirected;
252;405;Undirected;
252;433;Undirected;
252;451;Undirected;
252;485;Undirected;
252;486;Undirected;
253;349;Undirected;
253;373;Undirected;
254;292;Undirected;
254;313;Undirected;
254;416;Undirected;
254;439;Undirected;
254;465;Undirected;
254;468;Undirected;
254;475;Undirected;
255;275;Undirected;
255;322;Undirected;
255;391;Undirected;
255;473;Undirected;
255;484;Undirected;
256;302;Undirected;
256;380;Undirected;
256;383;Undirected;
256;389;Undirected;
256;448;Undirected;
256;494;Undirected;
257;268;Undirected;
257;297;Undirected;
257;303;Undirected;
257;355;Undirected;
257;387;Undirected;
257;393;Undirected;
257;395;Undirected;
258;275;Undirected;
258;325;Undirected;
258;429;Undirected;
258;475;Undirected;
259;268;Undirected;
259;289;Undirected;
259;293;Undirected;
259;312;Undirected;
259;347;Undirected;
259;372;Undirected;
259;403;Undirected;
259;463;Undirected;
260;261;Undirected;
260;368;Undirected;
260;372;Undirected;
260;420;Undirected;
260;456;Undirected;
260;498;Undirected;
261;269;Undirected;
261;310;Undirected;
261;326;Undirected;
261;358;Undirected;
261;394;Undirected;
261;411;Undirected;
261;416;Undirected;
261;455;Undirected;
261;495;Undirected;
262;296;Undirected;
262;298;Undirected;
262;302;Undirected;
262;323;Undirected;
262;356;Undirected;
262;406;Undirected;
262;442;Undirected;
262;498;Undirected;
263;292;Undirected;
263;362;Undirected;
263;453;Undirected;
263;464;Undirected;
263;484;Undirected;
264;278;Undirected;
264;297;Undirected;
264;313;Undirected;
264;374;Undirected;
264;391;Undirected;
264;397;Undirected;
265;298;Undirected;
265;472;Undirected;
265;497;Undirected;
266;286;Undirected;
266;288;Undirected;
266;294;Undirected;
266;328;Undirected;
266;330;Undirected;
266;398;Undirected;
266;401;Undirected;
266;444;Undirected;
266;488;Undirected;
267;278;Undirected;
267;362;Undirected;
267;370;Undirected;
268;285;Undirected;
268;300;Undirected;
268;345;Undirected;
268;350;Undirected;
268;383;Undirected;
268;389;Undirected;
268;448;Undirected;
268;457;Undirected;
269;356;Undirected;
269;371;Undirected;
269;402;Undirected;
270;321;Undirected;
270;337;Undirected;
270;353;Undirected;
270;494;Undirected;
271;350;Undirected;
271;374;Undirected;
271;392;Undirected;
271;393;Undirected;
271;394;Undirected;
271;430;Undirected;
271;443;Undirected;
271;453;Undirected;
271;455;Undirected;
271;456;Undirected;
272;278;Undirected;
272;307;Undirected;
272;338;Undirected;
272;365;Undirected;
272;419;Undirected;
272;438;Undirected;
272;439;Undirected;
272;478;Undirected;
273;307;Undirected;
273;367;Undirected;
273;421;Undirected;
273;431;Undirected;
273;456;Undirected;
274;312;Undirected;
274;418;Undirected;
274;432;Undirected;
275;302;Undirected;
275;327;Undirected;
275;368;Undirected;
275;460;Undirected;
275;499;Undirected;
276;304;Undirected;
276;332;Undirected;
276;366;Undirected;
276;377;Undirected;
276;421;Undirected;
276;424;Undirected;
276;439;Undirected;
276;447;Undirected;
276;451;Undirected;
276;462;Undirected;
276;479;Undirected;
277;335;Undirected;
277;367;Undirected;
277;437;Undirected;
277;449;Undirected;
277;453;Undirected;
278;295;Undirected;
278;373;Undirected;
278;402;Undirected;
278;417;Undirected;
278;428;Undirected;
278;451;Undirected;
279;306;Undirected;
279;335;Undirected;
279;415;Undirected;
280;304;Undirected;
280;335;Undirected;
280;402;Undirected;
281;326;Undirected;
281;339;Undirected;
281;340;Undirected;
282;345;Undirected;
282;357;Undirected;
282;404;Undirected;
282;483;Undirected;
283;385;Undirected;
283;393;Undirected;
283;469;Undirected;
283;472;Undirected;
284;286;Undirected;
284;309;Undirected;
284;376;Undirected;
285;293;Undirected;
285;343;Undirected;
285;371;Undirected;
285;390;Undirected;
285;448;Undirected;
285;449;Undirected;
285;461;Undirected;
286;296;Undirected;
286;321;Undirected;
286;360;Undirected;
286;453;Undirected;
287;342;Undirected;
287;344;Undirected;
287;348;Undirected;
287;407;Undirected;
287;457;Undirected;
288;296;Undirected;
288;375;Undirected;
288;390;Undirected;
288;463;Undirected;
288;488;Undirected;
289;339;Undirected;
289;344;Undirected;
289;354;Undirected;
289;407;Undirected;
289;408;Undirected;
289;438;Undirected;
289;455;Undirected;
289;489;Undirected;
290;391;Undirected;
290;407;Undirected;
290;418;Undirected;
290;422;Undirected;
290;427;Undirected;
291;339;Undirected;
291;404;Undirected;
291;409;Undirected;
291;459;Undirected;
291;499;Undirected;
292;366;Undirected;
292;372;Undirected;
292;379;Undirected;
292;399;Undirected;
292;456;Undirected;
292;474;Undirected;
292;480;Undirected;
292;488;Undirected;
293;335;Undirected;
293;353;Undirected;
293;372;Undirected;
293;425;Undirected;
293;435;Undirected;
293;451;Undirected;
293;476;Undirected;
293;486;Undirected;
294;304;Undirected;
294;369;Undirected;
294;451;Undirected;
294;482;Undirected;
295;358;Undirected;
295;383;Undirected;
295;425;Undirected;
295;449;Undirected;
296;338;Undirected;
296;415;Undirected;
296;421;Undirected;
296;450;Undirected;
296;460;Undirected;
296;462;Undirected;
297;338;Undirected;
297;429;Undirected;
297;454;Undirected;
297;461;Undirected;
297;485;Undirected;
297;489;Undirected;
297;490;Undirected;
298;301;Undirected;
298;323;Undirected;
298;339;Undirected;
298;360;Undirected;
298;383;Undirected;
298;405;Undirected;
299;344;Undirected;
299;401;Undirected;
300;328;Undirected;
300;389;Undirected;
300;394;Undirected;
301;325;Undirected;
301;328;Undirected;
301;348;Undirected;
301;377;Undirected;
301;393;Undirected;
301;449;Undirected;
302;370;Undirected;
302;394;Undirected;
302;417;Undirected;
302;438;Undirected;
303;328;Undirected;
303;354;Undirected;
303;405;Undirected;
304;376;Undirected;
304;425;Undirected;
305;316;Undirected;
305;394;Undirected;
305;403;Undirected;
305;488;Undirected;
306;329;Undirected;
306;472;Undirected;
306;500;Undirected;
307;320;Undirected;
307;336;Undirected;
307;371;Undirected;
307;405;Undirected;
307;497;Undirected;
308;360;Undirected;
308;373;Undirected;
308;402;Undirected;
308;407;Undirected;
308;410;Undirected;
308;433;Undirected;
308;439;Undirected;
310;338;Undirected;
310;411;Undirected;
310;425;Undirected;
310;450;Undirected;
311;317;Undirected;
311;345;Undirected;
312;337;Undirected;
312;348;Undirected;
312;447;Undirected;
313;331;Undirected;
313;337;Undirected;
313;370;Undirected;
313;377;Undirected;
313;378;Undirected;
313;395;Undirected;
313;449;Undirected;
313;466;Undirected;
314;329;Undirected;
314;366;Undirected;
314;388;Undirected;
314;443;Undirected;
314;451;Undirected;
315;319;Undirected;
315;423;Undirected;
315;431;Undirected;
315;442;Undirected;
315;457;Undirected;
316;364;Undirected;
316;365;Undirected;
316;444;Undirected;
316;446;Undirected;
317;385;Undirected;
317;436;Undirected;
317;456;Undirected;
317;459;Undirected;
317;466;Undirected;
317;485;Undirected;
318;338;Undirected;
318;397;Undirected;
318;419;Undirected;
318;452;Undirected;
319;404;Undirected;
319;411;Undirected;
319;451;Undirected;
320;404;Undirected;
321;399;Undirected;
321;447;Undirected;
321;457;Undirected;
321;483;Undirected;
322;323;Undirected;
322;328;Undirected;
322;353;Undirected;
323;342;Undirected;
323;357;Undirected;
323;358;Undirected;
323;412;Undirected;
323;439;Undirected;
324;419;Undirected;
324;443;Undirected;
325;347;Undirected;
325;355;Undirected;
325;438;Undirected;
325;448;Undirected;
325;461;Undirected;
325;467;Undirected;
325;468;Undirected;
325;500;Undirected;
326;330;Undirected;
326;345;Undirected;
327;379;Undirected;
327;395;Undirected;
327;440;Undirected;
328;336;Undirected;
328;348;Undirected;
328;355;Undirected;
328;389;Undirected;
328;439;Undirected;
328;489;Undirected;
328;490;Undirected;
329;338;Undirected;
329;362;Undirected;
329;380;Undirected;
329;423;Undirected;
329;458;Undirected;
330;341;Undirected;
330;351;Undirected;
330;424;Undirected;
330;430;Undirected;
330;439;Undirected;
331;357;Undirected;
332;347;Undirected;
332;357;Undirected;
332;402;Undirected;
332;439;Undirected;
332;441;Undirected;
333;356;Undirected;
333;481;Undirected;
334;377;Undirected;
334;394;Undirected;
334;403;Undirected;
334;421;Undirected;
334;443;Undirected;
334;495;Undirected;
335;385;Undirected;
335;386;Undirected;
335;470;Undirected;
335;487;Undirected;
336;344;Undirected;
336;412;Undirected;
336;446;Undirected;
337;355;Undirected;
337;400;Undirected;
337;407;Undirected;
337;466;Undirected;
337;484;Undirected;
337;495;Undirected;
338;372;Undirected;
338;386;Undirected;
338;420;Undirected;
339;468;Undirected;
339;469;Undirected;
339;471;Undirected;
340;410;Undirected;
340;444;Undirected;
341;390;Undirected;
342;347;Undirected;
342;355;Undirected;
342;390;Undirected;
342;418;Undirected;
342;447;Undirected;
342;451;Undirected;
342;481;Undirected;
342;488;Undirected;
342;495;Undirected;
343;469;Undirected;
343;477;Undirected;
344;360;Undirected;
344;367;Undirected;
344;370;Undirected;
344;376;Undirected;
344;447;Undirected;
344;472;Undirected;
344;476;Undirected;
345;380;Undirected;
345;487;Undirected;
346;387;Undirected;
346;391;Undirected;
346;415;Undirected;
346;433;Undirected;
347;352;Undirected;
347;356;Undirected;
347;416;Undirected;
347;436;Undirected;
348;454;Undirected;
349;351;Undirected;
349;352;Undirected;
349;404;Undirected;
349;445;Undirected;
349;453;Undirected;
349;494;Undirected;
350;380;Undirected;
350;382;Undirected;
350;384;Undirected;
350;417;Undirected;
350;418;Undirected;
350;425;Undirected;
350;491;Undirected;
350;496;Undirected;
351;400;Undirected;
352;402;Undirected;
352;421;Undirected;
352;451;Undirected;
352;469;Undirected;
352;485;Undirected;
353;367;Undirected;
353;374;Undirected;
353;443;Undirected;
353;480;Undirected;
354;404;Undirected;
354;417;Undirected;
354;457;Undirected;
354;462;Undirected;
354;463;Undirected;
354;467;Undirected;
354;486;Undirected;
354;490;Undirected;
355;367;Undirected;
355;375;Undirected;
356;362;Undirected;
356;381;Undirected;
356;383;Undirected;
356;385;Undirected;
356;450;Undirected;
356;454;Undirected;
356;489;Undirected;
356;490;Undirected;
357;388;Undirected;
357;476;Undirected;
357;500;Undirected;
358;384;Undirected;
358;421;Undirected;
358;431;Undirected;
358;477;Undirected;
359;360;Undirected;
359;373;Undirected;
359;488;Undirected;
360;424;Undirected;
360;448;Undirected;
360;458;Undirected;
361;371;Undirected;
361;397;Undirected;
361;403;Undirected;
362;381;Undirected;
362;408;Undirected;
362;419;Undirected;
362;493;Undirected;
363;368;Undirected;
363;404;Undirected;
364;369;Undirected;
364;372;Undirected;
364;394;Undirected;
364;460;Undirected;
365;370;Undirected;
365;440;Undirected;
365;457;Undirected;
366;395;Undirected;
366;497;Undirected;
367;428;Undirected;
367;468;Undirected;
368;426;Undirected;
368;441;Undirected;
368;483;Undirected;
369;438;Undirected;
369;478;Undirected;
369;495;Undirected;
370;439;Undirected;
370;454;Undirected;
370;492;Undirected;
371;382;Undirected;
371;416;Undirected;
371;427;Undirected;
371;441;Undirected;
371;478;Undirected;
372;421;Undirected;
372;430;Undirected;
372;441;Undirected;
372;442;Undirected;
372;453;Undirected;
372;490;Undirected;
373;411;Undirected;
373;441;Undirected;
373;442;Undirected;
373;481;Undirected;
373;489;Undirected;
374;443;Undirected;
374;448;Undirected;
375;405;Undirected;
375;433;Undirected;
375;452;Undirected;
375;469;Undirected;
376;387;Undirected;
376;440;Undirected;
377;390;Undirected;
377;457;Undirected;
377;468;Undirected;
377;481;Undirected;
378;472;Undirected;
379;395;Undirected;
379;400;Undirected;
379;447;Undirected;
379;495;Undirected;
380;485;Undirected;
380;492;Undirected;
381;410;Undirected;
381;500;Undirected;
382;410;Undirected;
382;412;Undirected;
382;441;Undirected;
382;477;Undirected;
383;390;Undirected;
383;435;Undirected;
383;437;Undirected;
384;489;Undirected;
385;429;Undirected;
385;473;Undirected;
385;475;Undirected;
385;476;Undirected;
386;480;Undirected;
388;404;Undirected;
388;449;Undirected;
388;462;Undirected;
388;474;Undirected;
389;409;Undirected;
389;415;Undirected;
389;435;Undirected;
390;398;Undirected;
390;399;Undirected;
390;434;Undirected;
390;465;Undirected;
391;403;Undirected;
391;408;Undirected;
391;415;Undirected;
391;430;Undirected;
391;496;Undirected;
392;423;Undirected;
392;497;Undirected;
393;458;Undirected;
393;461;Undirected;
394;395;Undirected;
394;419;Undirected;
394;445;Undirected;
394;456;Undirected;
395;427;Undirected;
397;445;Undirected;
398;448;Undirected;
398;473;Undirected;
399;469;Undirected;
400;407;Undirected;
400;456;Undirected;
400;484;Undirected;
401;419;Undirected;
401;452;Undirected;
401;476;Undirected;
402;453;Undirected;
402;455;Undirected;
403;467;Undirected;
403;472;Undirected;
403;480;Undirected;
405;438;Undirected;
405;439;Undirected;
405;498;Undirected;
407;427;Undirected;
407;432;Undirected;
407;435;Undirected;
407;461;Undirected;
407;463;Undirected;
407;466;Undirected;
408;470;Undirected;
409;442;Undirected;
409;459;Undirected;
410;440;Undirected;
410;499;Undirected;
411;492;Undirected;
414;498;Undirected;
415;423;Undirected;
415;462;Undirected;
416;426;Undirected;
417;481;Undirected;
418;435;Undirected;
418;436;Undirected;
418;486;Undirected;
419;425;Undirected;
419;449;Undirected;
419;489;Undirected;
419;496;Undirected;
422;471;Undirected;
423;463;Undirected;
424;442;Undirected;
424;486;Undirected;
425;449;Undirected;
425;455;Undirected;
425;463;Undirected;
425;467;Undirected;
426;456;Undirected;
427;442;Undirected;
427;459;Undirected;
427;497;Undirected;
428;451;Undirected;
428;465;Undirected;
429;497;Undirected;
431;440;Undirected;
431;463;Undirected;
431;494;Undirected;
432;493;Undirected;
434;440;Undirected;
434;454;Undirected;
434;470;Undirected;
434;498;Undirected;
435;458;Undirected;
435;465;Undirected;
435;480;Undirected;
437;486;Undirected;
438;461;Undirected;
438;469;Undirected;
438;491;Undirected;
439;465;Undirected;
439;471;Undirected;
440;494;Undirected;
441;454;Undirected;
442;498;Undirected;
443;494;Undirected;
444;445;Undirected;
444;450;Undirected;
444;470;Undirected;
444;494;Undirected;
447;470;Undirected;
448;454;Undirected;
450;454;Undirected;
452;472;Undirected;
453;493;Undirected;
453;499;Undirected;
454;483;Undirected;
455;466;Undirected;
455;477;Undirected;
455;483;Undirected;
455;500;Undirected;
457;462;Undirected;
459;483;Undirected;
460;469;Undirected;
461;477;Undirected;
461;480;Undirected;
462;488;Undirected;
463;472;Undirected;
465;495;Undirected;
468;481;Undirected;
468;489;Undirected;
469;479;Undirected;
469;482;Undirected;
470;479;Undirected;
470;488;Undirected;
473;477;Undirected;
473;481;Undirected;
475;487;Undirected;
476;498;Undirected;
478;498;Undirected;
481;492;Undirected;
482;486;Undirected;
